n_tool_calls,unique_tools,most_common_tool,most_common_tool_pct,switching_rate,max_repetition_streak,run_id,crashed,crash_type
168,3,tool_check_inbox,0.9702380952380952,0.059880239520958084,57,1771279366_42,True,looping
112,3,tool_check_inbox,0.9732142857142857,0.05405405405405406,53,1771279402_42,True,looping
46,4,tool_check_inbox,0.782608695652174,0.4,10,1771279448_42,True,looping
6,2,tool_check_inbox,0.6666666666666666,0.6,3,1771279476_42,False,
32,4,tool_check_inbox,0.71875,0.5161290322580645,8,1771279550_42,True,looping
22,3,tool_check_inbox,0.7272727272727273,0.3333333333333333,8,1771279556_42,True,looping
56,1,tool_check_inbox,1.0,0.0,56,1771279599_42,True,looping
5,2,tool_check_inbox,0.8,0.5,3,1771279642_42,False,
56,2,tool_check_inbox,0.9821428571428571,0.03636363636363636,40,1771279673_42,True,looping
148,3,tool_check_inbox,0.9864864864864865,0.027210884353741496,99,1771279719_42,True,looping
168,4,tool_check_inbox,0.9583333333333334,0.08383233532934131,52,1771279805_42,True,looping
47,2,tool_check_inbox,0.9787234042553191,0.043478260869565216,40,1771279844_42,True,looping
13,4,tool_check_inbox,0.6923076923076923,0.5,4,1771279853_42,True,looping
35,4,tool_check_inbox,0.6,0.5882352941176471,5,1771279883_42,True,looping
123,3,tool_check_inbox,0.9349593495934959,0.12295081967213115,38,1771279927_42,True,looping
56,1,tool_check_inbox,1.0,0.0,56,1771280030_42,True,looping
56,1,tool_check_inbox,1.0,0.0,56,1771280218_42,True,looping
112,3,tool_check_inbox,0.9732142857142857,0.05405405405405406,74,1771280222_42,True,looping
79,4,tool_check_inbox,0.9367088607594937,0.1282051282051282,23,1771280272_42,True,looping
59,3,tool_check_inbox,0.9661016949152542,0.06896551724137931,50,1771280278_42,True,looping
24,3,tool_check_inbox,0.875,0.2608695652173913,8,1771280301_42,True,looping
36,4,tool_check_inbox,0.7222222222222222,0.5142857142857142,6,1771280303_42,True,looping
7,2,tool_check_inbox,0.8571428571428571,0.3333333333333333,4,1771280341_42,True,looping
56,2,tool_check_inbox,0.9642857142857143,0.07272727272727272,35,1771280376_42,True,looping
46,4,tool_check_inbox,0.6956521739130435,0.5111111111111111,7,1771280378_42,False,
56,1,tool_check_inbox,1.0,0.0,56,1771280414_42,True,looping
96,3,tool_check_inbox,0.9791666666666666,0.042105263157894736,40,1771280487_42,True,looping
56,1,tool_check_inbox,1.0,0.0,56,1771280525_42,True,looping
56,2,tool_check_inbox,0.9821428571428571,0.03636363636363636,47,1771280573_42,True,looping
56,2,tool_check_inbox,0.9821428571428571,0.01818181818181818,55,1771280578_42,True,looping
13,3,tool_check_inbox,0.8461538461538461,0.3333333333333333,5,1771280682_42,True,looping
124,3,tool_check_inbox,0.9758064516129032,0.04878048780487805,56,1771280743_42,True,looping
50,3,tool_check_inbox,0.76,0.4489795918367347,7,1771280805_42,True,looping
7,3,tool_check_inbox,0.5714285714285714,0.8333333333333334,2,1771280810_42,False,
124,3,tool_check_inbox,0.9758064516129032,0.04878048780487805,56,1771280908_42,True,looping
56,1,tool_check_inbox,1.0,0.0,56,1771281021_42,True,looping
112,2,tool_check_inbox,0.9910714285714286,0.018018018018018018,74,1771281030_42,True,looping
43,3,tool_check_inbox,0.9302325581395349,0.14285714285714285,20,1771281126_42,True,looping
33,2,tool_check_inbox,0.9393939393939394,0.125,20,1771281128_42,True,looping
9,3,tool_check_inbox,0.7777777777777778,0.375,5,1771281197_42,True,looping
43,4,tool_check_inbox,0.7441860465116279,0.38095238095238093,13,1771281224_42,True,looping
55,2,tool_check_inbox,0.9272727272727272,0.14814814814814814,35,1771281233_42,True,looping
29,4,tool_check_inbox,0.7931034482758621,0.2857142857142857,16,1771281259_42,True,looping
13,4,tool_check_inbox,0.6923076923076923,0.5,3,1771281262_42,False,
6,3,tool_check_inbox,0.6666666666666666,0.6,3,1771281291_42,False,
62,2,tool_check_inbox,0.9838709677419355,0.03278688524590164,58,1771281400_42,True,looping
112,2,tool_check_inbox,0.9910714285714286,0.018018018018018018,94,1771281478_42,True,looping
56,2,tool_check_inbox,0.9821428571428571,0.01818181818181818,55,1771281566_42,True,looping
70,4,tool_check_inbox,0.9285714285714286,0.13043478260869565,32,1771281567_42,True,looping
56,2,tool_check_inbox,0.9642857142857143,0.07272727272727272,31,1771281637_42,True,looping
91,4,tool_check_inbox,0.967032967032967,0.06666666666666667,43,1771281641_42,True,looping
25,4,tool_check_inbox,0.72,0.3333333333333333,11,1771281802_42,True,looping
14,3,tool_check_inbox,0.8571428571428571,0.3076923076923077,5,1771281847_42,True,looping
71,3,tool_check_inbox,0.9577464788732394,0.08571428571428572,37,1771281886_42,True,looping
56,2,tool_check_inbox,0.9821428571428571,0.03636363636363636,39,1771281888_42,True,looping
56,1,tool_check_inbox,1.0,0.0,56,1771281949_42,True,looping
56,1,tool_check_inbox,1.0,0.0,56,1771281950_42,True,looping
56,1,tool_check_inbox,1.0,0.0,56,1771281956_42,True,looping
7,3,tool_check_inbox,0.7142857142857143,0.6666666666666666,3,1771282014_42,False,
88,4,tool_check_inbox,0.9431818181818182,0.10344827586206896,31,1771282021_42,True,looping
59,3,tool_check_inbox,0.9661016949152542,0.05172413793103448,55,1771282064_42,True,looping
50,4,tool_check_inbox,0.94,0.12244897959183673,32,1771282117_42,True,looping
40,4,tool_check_inbox,0.7,0.5384615384615384,10,1771282180_42,True,looping
20,3,tool_check_inbox,0.85,0.3157894736842105,11,1771282229_42,True,looping
22,3,tool_check_inbox,0.7272727272727273,0.42857142857142855,9,1771282269_42,True,looping
56,1,tool_check_inbox,1.0,0.0,56,1771282326_42,True,looping
56,2,tool_check_inbox,0.9642857142857143,0.07272727272727272,29,1771282402_42,True,looping
83,2,tool_check_inbox,0.9879518072289156,0.024390243902439025,52,1771282408_42,True,looping
56,2,tool_check_inbox,0.9821428571428571,0.03636363636363636,45,1771282431_42,True,looping
46,3,tool_check_inbox,0.9130434782608695,0.17777777777777778,17,1771282543_42,True,looping
110,4,tool_check_inbox,0.9636363636363636,0.07339449541284404,42,1771282615_42,True,looping
49,4,tool_check_inbox,0.9183673469387755,0.16666666666666666,26,1771282697_42,True,looping
9,2,tool_check_inbox,0.7777777777777778,0.5,3,1771282781_42,False,
3,2,tool_order,0.6666666666666666,1.0,1,1771282782_42,False,
7,3,tool_check_inbox,0.7142857142857143,0.5,3,1771282784_42,False,
15,3,tool_check_inbox,0.8,0.42857142857142855,6,1771282872_42,True,looping
56,2,tool_check_inbox,0.9821428571428571,0.03636363636363636,29,1771282965_42,True,looping
56,2,tool_check_inbox,0.9821428571428571,0.03636363636363636,51,1771282967_42,True,looping
56,2,tool_check_inbox,0.9821428571428571,0.03636363636363636,53,1771282973_42,True,looping
56,1,tool_check_inbox,1.0,0.0,56,1771283006_42,True,looping
58,2,tool_check_inbox,0.9827586206896551,0.03508771929824561,55,1771283058_42,True,looping
56,2,tool_check_inbox,0.9821428571428571,0.01818181818181818,55,1771283097_42,True,looping
8,2,tool_check_inbox,0.875,0.2857142857142857,4,1771283133_42,False,
56,4,tool_check_inbox,0.8928571428571429,0.2,18,1771283233_42,True,looping
9,2,tool_check_inbox,0.8888888888888888,0.25,6,1771283368_42,True,looping
56,3,tool_check_inbox,0.9464285714285714,0.10909090909090909,25,1771283369_42,True,looping
47,3,tool_check_inbox,0.9574468085106383,0.08695652173913043,40,1771283370_42,True,looping
14,3,tool_check_inbox,0.5714285714285714,0.5384615384615384,3,1771283409_42,False,
28,4,tool_check_inbox,0.8214285714285714,0.37037037037037035,9,1771283414_42,True,looping
6,2,tool_check_inbox,0.8333333333333334,0.4,3,1771283498_42,False,
56,2,tool_check_inbox,0.9642857142857143,0.07272727272727272,32,1771283662_42,True,looping
56,2,tool_check_inbox,0.9821428571428571,0.03636363636363636,35,1771283695_42,True,looping
56,1,tool_check_inbox,1.0,0.0,56,1771283697_42,True,looping
56,1,tool_check_inbox,1.0,0.0,56,1771283729_42,True,looping
56,1,tool_check_inbox,1.0,0.0,56,1771283736_42,True,looping
35,2,tool_check_inbox,0.9714285714285714,0.058823529411764705,31,1771283779_42,True,looping
57,4,tool_check_inbox,0.9122807017543859,0.17857142857142858,29,1771283812_42,True,looping
57,3,tool_check_inbox,0.9122807017543859,0.17857142857142858,18,1771283887_42,True,looping
56,3,tool_check_inbox,0.9464285714285714,0.09090909090909091,21,1771283923_42,True,looping
56,2,tool_check_inbox,0.9107142857142857,0.12727272727272726,29,1771283928_42,True,looping
10,2,tool_check_inbox,0.6,0.6666666666666666,2,1771284007_42,False,
18,4,tool_check_inbox,0.6666666666666666,0.47058823529411764,5,1771284009_42,True,looping
17,3,tool_check_inbox,0.7058823529411765,0.5,4,1771284043_42,True,looping
8,4,tool_order,0.5,0.5714285714285714,3,1771284082_42,False,
56,1,tool_check_inbox,1.0,0.0,56,1771284125_42,True,looping
56,1,tool_check_inbox,1.0,0.0,56,1771284192_42,True,looping
56,2,tool_check_inbox,0.9821428571428571,0.03636363636363636,30,1771284270_42,True,looping
56,2,tool_check_inbox,0.9821428571428571,0.03636363636363636,31,1771284271_42,True,looping
56,1,tool_check_inbox,1.0,0.0,56,1771284388_42,True,looping
90,4,tool_check_inbox,0.9333333333333333,0.1348314606741573,39,1771284415_42,True,looping
56,3,tool_check_inbox,0.9464285714285714,0.10909090909090909,30,1771284416_42,True,looping
58,4,tool_check_inbox,0.9310344827586207,0.12280701754385964,34,1771284474_42,True,looping
25,3,tool_check_inbox,0.72,0.5,7,1771284537_42,True,looping
19,3,tool_check_inbox,0.6842105263157895,0.6666666666666666,4,1771284587_42,True,looping
3,2,tool_check_inbox,0.6666666666666666,1.0,1,1771284626_42,False,
15,4,tool_check_inbox,0.6,0.6428571428571429,5,1771284689_42,True,looping
10,3,tool_check_inbox,0.6,0.6666666666666666,3,1771284693_42,False,
56,1,tool_check_inbox,1.0,0.0,56,1771284732_42,True,looping
56,1,tool_check_inbox,1.0,0.0,56,1771284772_42,True,looping
56,2,tool_check_inbox,0.9642857142857143,0.07272727272727272,47,1771284774_42,True,looping
56,2,tool_check_inbox,0.9821428571428571,0.03636363636363636,54,1771284775_42,True,looping
56,2,tool_check_inbox,0.9821428571428571,0.03636363636363636,35,1771284846_42,True,looping
56,2,tool_check_inbox,0.9821428571428571,0.03636363636363636,33,1771284896_42,True,looping
65,4,tool_check_inbox,0.9538461538461539,0.09375,22,1771284987_42,True,looping
8,3,tool_check_inbox,0.75,0.5714285714285714,3,1771285043_42,False,
54,4,tool_check_inbox,0.9444444444444444,0.11320754716981132,24,1771285047_42,True,looping
10,2,tool_check_inbox,0.8,0.3333333333333333,6,1771285080_42,True,looping
6,2,tool_check_inbox,0.8333333333333334,0.4,4,1771285081_42,True,looping
25,4,tool_check_inbox,0.88,0.25,14,1771285122_42,True,looping
8,3,tool_check_inbox,0.625,0.8571428571428571,2,1771285124_42,False,
22,4,tool_check_inbox,0.8181818181818182,0.2857142857142857,10,1771285162_42,True,looping
112,2,tool_check_inbox,0.9910714285714286,0.018018018018018018,84,1771285198_42,True,looping
56,1,tool_check_inbox,1.0,0.0,56,1771285201_42,True,looping
56,1,tool_check_inbox,1.0,0.0,56,1771285237_42,True,looping
97,5,tool_check_inbox,0.9587628865979382,0.07291666666666667,67,1771285242_42,True,looping
56,3,tool_check_inbox,0.9464285714285714,0.07272727272727272,28,1771285285_42,True,looping
30,3,tool_check_inbox,0.9,0.20689655172413793,18,1771285388_42,True,looping
112,3,tool_check_inbox,0.9732142857142857,0.05405405405405406,60,1771285392_42,True,looping
32,4,tool_check_inbox,0.78125,0.3225806451612903,8,1771285435_42,True,looping
14,2,tool_check_inbox,0.7142857142857143,0.38461538461538464,7,1771285436_42,True,looping
6,2,tool_check_inbox,0.5,0.6,2,1771285473_42,False,
72,4,tool_check_inbox,0.9444444444444444,0.11267605633802817,35,1771285474_42,True,looping
56,1,tool_check_inbox,1.0,0.0,56,1771285509_42,True,looping
56,1,tool_check_inbox,1.0,0.0,56,1771285510_42,True,looping
56,1,tool_check_inbox,1.0,0.0,56,1771285544_42,True,looping
56,1,tool_check_inbox,1.0,0.0,56,1771285546_42,True,looping
21,2,tool_check_inbox,0.9523809523809523,0.1,16,1771285580_42,True,looping
56,3,tool_check_inbox,0.9285714285714286,0.14545454545454545,32,1771285581_42,True,looping
31,3,tool_check_inbox,0.9032258064516129,0.2,15,1771285582_42,True,looping
64,4,tool_check_inbox,0.921875,0.14285714285714285,38,1771285611_42,True,looping
53,4,tool_check_inbox,0.7547169811320755,0.38461538461538464,10,1771285612_42,True,looping
60,4,tool_check_inbox,0.75,0.3728813559322034,11,1771285685_42,True,looping
112,4,tool_check_inbox,0.9017857142857143,0.15315315315315314,65,1771285731_42,True,looping
59,2,tool_check_inbox,0.9830508474576272,0.034482758620689655,55,1771285818_42,True,looping
56,1,tool_check_inbox,1.0,0.0,56,1771285820_42,True,looping
56,1,tool_check_inbox,1.0,0.0,56,1771285821_42,True,looping
138,4,tool_check_inbox,0.9565217391304348,0.08029197080291971,52,1771285893_42,True,looping
84,3,tool_check_inbox,0.9761904761904762,0.04819277108433735,39,1771285970_42,True,looping
86,4,tool_check_inbox,0.8953488372093024,0.21176470588235294,45,1771286054_42,True,looping
51,4,tool_check_inbox,0.7843137254901961,0.36,11,1771286080_42,True,looping
105,4,tool_check_inbox,0.8476190476190476,0.25,16,1771286120_42,True,looping
56,2,tool_check_inbox,0.9821428571428571,0.03636363636363636,32,1771286161_42,True,looping
56,1,tool_check_inbox,1.0,0.0,56,1771286162_42,True,looping
112,2,tool_check_inbox,0.9821428571428571,0.036036036036036036,93,1771286195_42,True,looping
56,2,tool_check_inbox,0.9821428571428571,0.03636363636363636,33,1771286196_42,True,looping
66,4,tool_check_inbox,0.9545454545454546,0.09230769230769231,27,1771286226_42,True,looping
56,1,tool_check_inbox,1.0,0.0,56,1771286227_42,True,looping
43,4,tool_check_inbox,0.8604651162790697,0.23809523809523808,17,1771286273_42,True,looping
11,3,tool_check_inbox,0.7272727272727273,0.6,3,1771286274_42,False,
8,2,tool_check_inbox,0.75,0.5714285714285714,3,1771286308_42,False,
20,3,tool_check_inbox,0.8,0.3157894736842105,10,1771286371_42,True,looping
67,3,tool_check_inbox,0.9104477611940298,0.10606060606060606,24,1771286526_42,True,looping
56,1,tool_check_inbox,1.0,0.0,56,1771286532_42,True,looping
56,1,tool_check_inbox,1.0,0.0,56,1771286556_42,True,looping
168,3,tool_check_inbox,0.9642857142857143,0.0718562874251497,55,1771286707_42,True,looping
34,3,tool_check_inbox,0.9411764705882353,0.12121212121212122,20,1771286859_42,True,looping
59,3,tool_check_inbox,0.9491525423728814,0.10344827586206896,39,1771287010_42,True,looping
45,3,tool_check_inbox,0.9333333333333333,0.13636363636363635,20,1771287013_42,True,looping
36,4,tool_check_inbox,0.6666666666666666,0.5428571428571428,10,1771287069_42,False,
18,2,tool_check_inbox,0.8888888888888888,0.17647058823529413,15,1771287278_42,True,looping
29,4,tool_check_inbox,0.7931034482758621,0.32142857142857145,14,1771287320_42,True,looping
56,1,tool_check_inbox,1.0,0.0,56,1771287321_42,True,looping
56,2,tool_check_inbox,0.9821428571428571,0.03636363636363636,46,1771287348_42,True,looping
56,2,tool_check_inbox,0.9821428571428571,0.03636363636363636,54,1771287350_42,True,looping
56,1,tool_check_inbox,1.0,0.0,56,1771287380_42,True,looping
6,2,tool_check_inbox,0.8333333333333334,0.4,3,1771287555_42,False,
115,3,tool_check_inbox,0.9739130434782609,0.05263157894736842,40,1771287559_42,True,looping
7,2,tool_check_inbox,0.8571428571428571,0.3333333333333333,4,1771287583_42,False,
11,2,tool_check_inbox,0.9090909090909091,0.2,6,1771287660_42,True,looping
26,4,tool_check_inbox,0.7307692307692307,0.52,4,1771287697_42,True,looping
24,4,tool_check_inbox,0.7083333333333334,0.5652173913043478,7,1771287698_42,True,looping
22,3,tool_check_inbox,0.6363636363636364,0.5714285714285714,5,1771287777_42,False,
56,1,tool_check_inbox,1.0,0.0,56,1771287837_42,True,looping
82,3,tool_check_inbox,0.9634146341463414,0.04938271604938271,42,1771287838_42,True,looping
56,1,tool_check_inbox,1.0,0.0,56,1771287865_42,True,looping
56,3,tool_check_inbox,0.9642857142857143,0.07272727272727272,38,1771287914_42,True,looping
56,2,tool_check_inbox,0.9821428571428571,0.03636363636363636,42,1771287916_42,True,looping
56,2,tool_check_inbox,0.9642857142857143,0.07272727272727272,41,1771287969_42,True,looping
112,4,tool_check_inbox,0.9464285714285714,0.10810810810810811,43,1771288008_42,True,looping
13,3,tool_check_inbox,0.8461538461538461,0.3333333333333333,6,1771288092_42,True,looping
56,2,tool_check_inbox,0.9642857142857143,0.05454545454545454,48,1771288175_42,True,looping
19,4,tool_check_inbox,0.6842105263157895,0.4444444444444444,7,1771288179_42,True,looping
17,4,tool_check_inbox,0.6470588235294118,0.5625,7,1771288214_42,True,looping
98,4,tool_check_inbox,0.8979591836734694,0.15463917525773196,36,1771288278_42,True,looping
56,2,tool_check_inbox,0.9821428571428571,0.03636363636363636,41,1771288311_42,True,looping
56,1,tool_check_inbox,1.0,0.0,56,1771288312_42,True,looping
112,1,tool_check_inbox,1.0,0.0,112,1771288342_42,True,looping
146,4,tool_check_inbox,0.9315068493150684,0.13793103448275862,30,1771288389_42,True,looping
73,3,tool_check_inbox,0.863013698630137,0.2638888888888889,23,1771288460_42,True,looping
34,4,tool_check_inbox,0.7647058823529411,0.42424242424242425,7,1771288548_42,True,looping
11,2,tool_check_inbox,0.6363636363636364,0.4,4,1771288578_42,True,looping
15,4,tool_check_inbox,0.6666666666666666,0.5714285714285714,7,1771288616_42,True,looping
60,3,tool_check_inbox,0.9666666666666667,0.05084745762711865,39,1771288647_42,True,looping
56,1,tool_check_inbox,1.0,0.0,56,1771288648_42,True,looping
168,2,tool_check_inbox,0.9940476190476191,0.011976047904191617,90,1771288688_42,True,looping
49,2,tool_check_inbox,0.9591836734693877,0.020833333333333332,47,1771288734_42,True,looping
55,2,tool_check_inbox,0.9636363636363636,0.07407407407407407,31,1771288735_42,True,looping
132,4,tool_check_inbox,0.8863636363636364,0.22137404580152673,44,1771288770_42,True,looping
11,3,tool_check_inbox,0.8181818181818182,0.4,6,1771288813_42,True,looping
28,4,tool_check_inbox,0.75,0.4444444444444444,5,1771288814_42,True,looping
78,4,tool_check_inbox,0.9230769230769231,0.14285714285714285,20,1771288885_42,False,
168,1,tool_check_inbox,1.0,0.0,168,1771288929_42,True,looping
56,2,tool_check_inbox,0.9464285714285714,0.10909090909090909,24,1771289020_42,True,looping
67,4,tool_check_inbox,0.9253731343283582,0.15151515151515152,21,1771289022_42,True,looping
22,2,tool_check_inbox,0.9545454545454546,0.09523809523809523,15,1771289067_42,True,looping
38,3,tool_check_inbox,0.9210526315789473,0.13513513513513514,25,1771289068_42,True,looping
16,3,tool_check_inbox,0.75,0.5333333333333333,6,1771289157_42,False,
15,2,tool_check_inbox,0.8666666666666667,0.21428571428571427,8,1771289277_42,True,looping
24,4,tool_check_inbox,0.75,0.5217391304347826,5,1771289278_42,False,
59,2,tool_check_inbox,0.9830508474576272,0.034482758620689655,55,1771289377_42,True,looping
112,2,tool_check_inbox,0.9821428571428571,0.036036036036036036,67,1771289381_42,True,looping
112,2,tool_check_inbox,0.9821428571428571,0.036036036036036036,74,1771289465_42,True,looping
11,4,tool_check_inbox,0.7272727272727273,0.6,3,1771289499_42,False,
163,4,tool_check_inbox,0.9325153374233128,0.12345679012345678,48,1771289583_42,True,looping
17,4,tool_check_inbox,0.7058823529411765,0.375,7,1771289666_42,True,looping
63,3,tool_check_inbox,0.9365079365079365,0.12903225806451613,49,1771289667_42,True,looping
22,2,tool_check_inbox,0.7272727272727273,0.5714285714285714,5,1771289729_42,False,
168,1,tool_check_inbox,1.0,0.0,168,1771289781_42,True,looping
112,1,tool_check_inbox,1.0,0.0,112,1771289825_42,True,looping
56,2,tool_check_inbox,0.9821428571428571,0.03636363636363636,31,1771289826_42,True,looping
155,4,tool_check_inbox,0.9419354838709677,0.11038961038961038,51,1771289866_42,True,looping
46,2,tool_check_inbox,0.9782608695652174,0.044444444444444446,42,1771289899_42,True,looping
53,4,tool_check_inbox,0.6792452830188679,0.5384615384615384,8,1771289978_42,True,looping
39,3,tool_check_inbox,0.6666666666666666,0.42105263157894735,10,1771290008_42,True,looping
56,1,tool_check_inbox,1.0,0.0,56,1771290039_42,True,looping
56,3,tool_check_inbox,0.9642857142857143,0.07272727272727272,27,1771290183_42,True,looping
56,2,tool_check_inbox,0.9821428571428571,0.03636363636363636,51,1771290185_42,True,looping
56,2,tool_check_inbox,0.9821428571428571,0.03636363636363636,44,1771290186_42,True,looping
67,3,tool_check_inbox,0.9552238805970149,0.09090909090909091,27,1771290215_42,True,looping
19,2,tool_check_inbox,0.9473684210526315,0.1111111111111111,16,1771290216_42,True,looping
151,4,tool_check_inbox,0.9602649006622517,0.06666666666666667,88,1771290245_42,True,looping
5,2,tool_order,0.6,0.75,2,1771290281_42,False,
18,2,tool_check_inbox,0.9444444444444444,0.11764705882352941,16,1771290369_42,True,looping
24,4,tool_check_inbox,0.75,0.5217391304347826,5,1771290373_42,True,looping
20,4,tool_check_inbox,0.7,0.5263157894736842,5,1771290432_42,True,looping
56,1,tool_check_inbox,1.0,0.0,56,1771290434_42,True,looping
56,1,tool_check_inbox,1.0,0.0,56,1771290468_42,True,looping
99,3,tool_check_inbox,0.9797979797979798,0.04081632653061224,41,1771290505_42,True,looping
28,3,tool_check_inbox,0.8928571428571429,0.2222222222222222,19,1771290540_42,True,looping
56,2,tool_check_inbox,0.9821428571428571,0.03636363636363636,52,1771290543_42,True,looping
56,3,tool_check_inbox,0.9464285714285714,0.10909090909090909,29,1771290608_42,True,looping
56,3,tool_check_inbox,0.9285714285714286,0.14545454545454545,20,1771290638_42,True,looping
37,4,tool_check_inbox,0.8918918918918919,0.16666666666666666,28,1771290709_42,True,looping
56,2,tool_check_inbox,0.9821428571428571,0.03636363636363636,45,1771290711_42,True,looping
39,4,tool_check_inbox,0.6666666666666666,0.4473684210526316,14,1771290747_42,True,looping
11,3,tool_check_inbox,0.6363636363636364,0.5,4,1771290748_42,False,
13,3,tool_check_inbox,0.8461538461538461,0.3333333333333333,5,1771290790_42,True,looping
50,2,tool_check_inbox,0.96,0.08163265306122448,31,1771290796_42,True,looping
168,3,tool_check_inbox,0.9880952380952381,0.023952095808383235,120,1771290821_42,True,looping
56,1,tool_check_inbox,1.0,0.0,56,1771290853_42,True,looping
112,2,tool_check_inbox,0.9553571428571429,0.09009009009009009,43,1771290891_42,True,looping
65,4,tool_check_inbox,0.9384615384615385,0.125,25,1771290971_42,True,looping
22,2,tool_check_inbox,0.8636363636363636,0.19047619047619047,10,1771291045_42,True,looping
44,2,tool_check_inbox,0.9545454545454546,0.09302325581395349,33,1771291052_42,True,looping
35,4,tool_check_inbox,0.7142857142857143,0.47058823529411764,8,1771291129_42,True,looping
23,4,tool_check_inbox,0.6521739130434783,0.5454545454545454,6,1771291134_42,True,looping
72,4,tool_check_inbox,0.9444444444444444,0.11267605633802817,20,1771291168_42,True,looping
56,2,tool_check_inbox,0.9821428571428571,0.03636363636363636,47,1771291169_42,True,looping
56,1,tool_check_inbox,1.0,0.0,56,1771291213_42,True,looping
112,2,tool_check_inbox,0.9732142857142857,0.05405405405405406,64,1771291249_42,True,looping
25,3,tool_check_inbox,0.92,0.16666666666666666,15,1771291337_42,True,looping
108,4,tool_check_inbox,0.9351851851851852,0.1308411214953271,24,1771291421_42,True,looping
81,4,tool_check_inbox,0.8888888888888888,0.2,30,1771291448_42,True,looping
37,4,tool_check_inbox,0.8378378378378378,0.3055555555555556,8,1771291478_42,True,looping
38,4,tool_check_inbox,0.6578947368421053,0.4864864864864865,5,1771291515_42,False,
56,1,tool_check_inbox,1.0,0.0,56,1771291585_42,True,looping
56,2,tool_check_inbox,0.9821428571428571,0.03636363636363636,51,1771291586_42,True,looping
56,2,tool_check_inbox,0.9821428571428571,0.03636363636363636,41,1771291614_42,True,looping
172,3,tool_check_inbox,0.9709302325581395,0.05847953216374269,61,1771291759_42,True,looping
56,2,tool_check_inbox,0.9642857142857143,0.07272727272727272,29,1771291845_42,True,looping
73,4,tool_check_inbox,0.8904109589041096,0.2222222222222222,16,1771291925_42,True,looping
61,4,tool_check_inbox,0.6557377049180327,0.5,7,1771291958_42,True,looping
16,3,tool_check_inbox,0.875,0.26666666666666666,12,1771291959_42,True,looping
14,4,tool_check_inbox,0.7142857142857143,0.38461538461538464,7,1771292036_42,True,looping
3,3,tool_check_budget,0.3333333333333333,1.0,1,1771292074_42,False,
56,1,tool_check_inbox,1.0,0.0,56,1771292077_42,True,looping
56,1,tool_check_inbox,1.0,0.0,56,1771292106_42,True,looping
35,2,tool_check_inbox,0.9714285714285714,0.058823529411764705,32,1771292207_42,True,looping
56,1,tool_check_inbox,1.0,0.0,56,1771292213_42,True,looping
56,1,tool_check_inbox,1.0,0.0,56,1771292249_42,True,looping
64,4,tool_check_inbox,0.890625,0.20634920634920634,32,1771292250_42,True,looping
56,2,tool_check_inbox,0.9821428571428571,0.03636363636363636,38,1771292295_42,True,looping
107,4,tool_check_inbox,0.9439252336448598,0.11320754716981132,27,1771292322_42,True,looping
61,4,tool_check_inbox,0.9508196721311475,0.1,25,1771292380_42,True,looping
52,4,tool_check_inbox,0.6730769230769231,0.5686274509803921,13,1771292408_42,True,looping
33,4,tool_check_inbox,0.696969696969697,0.53125,9,1771292409_42,True,looping
38,4,tool_check_inbox,0.8157894736842105,0.32432432432432434,11,1771292447_42,True,looping
6,2,tool_check_inbox,0.8333333333333334,0.2,5,1771292448_42,True,looping
56,1,tool_check_inbox,1.0,0.0,56,1771292568_42,True,looping
107,3,tool_check_inbox,0.9719626168224299,0.05660377358490566,36,1771292571_42,True,looping
56,2,tool_check_inbox,0.9821428571428571,0.03636363636363636,33,1771292607_42,True,looping
6,2,tool_check_inbox,0.6666666666666666,0.6,3,1771292654_42,False,
56,3,tool_check_inbox,0.9642857142857143,0.05454545454545454,34,1771292709_42,True,looping
24,3,tool_check_inbox,0.875,0.2608695652173913,13,1771292712_42,True,looping
78,4,tool_check_inbox,0.8717948717948718,0.24675324675324675,19,1771292757_42,True,looping
33,4,tool_check_inbox,0.7878787878787878,0.28125,22,1771292796_42,True,looping
24,3,tool_check_inbox,0.75,0.4782608695652174,5,1771292862_42,True,looping
17,3,tool_check_inbox,0.7058823529411765,0.5625,4,1771292886_42,True,looping
56,1,tool_check_inbox,1.0,0.0,56,1771292887_42,True,looping
112,2,tool_check_inbox,0.9910714285714286,0.018018018018018018,88,1771292944_42,True,looping
56,2,tool_check_inbox,0.9821428571428571,0.01818181818181818,55,1771292946_42,True,looping
56,1,tool_check_inbox,1.0,0.0,56,1771293058_42,True,looping
95,4,tool_check_inbox,0.9052631578947369,0.1702127659574468,26,1771293209_42,True,looping
112,4,tool_check_inbox,0.9553571428571429,0.07207207207207207,67,1771293296_42,True,looping
27,4,tool_check_inbox,0.8888888888888888,0.23076923076923078,13,1771293337_42,True,looping
17,4,tool_check_inbox,0.7647058823529411,0.5,6,1771293338_42,True,looping
20,3,tool_check_inbox,0.85,0.3157894736842105,13,1771293419_42,True,looping
18,3,tool_check_inbox,0.7777777777777778,0.29411764705882354,10,1771293497_42,True,looping
14,2,tool_check_inbox,0.7857142857142857,0.46153846153846156,7,1771293565_42,True,looping
74,3,tool_check_inbox,0.9324324324324325,0.0958904109589041,33,1771293593_42,True,looping
56,1,tool_check_inbox,1.0,0.0,56,1771293631_42,True,looping
56,1,tool_check_inbox,1.0,0.0,56,1771293690_42,True,looping
56,1,tool_check_inbox,1.0,0.0,56,1771293729_42,True,looping
56,1,tool_check_inbox,1.0,0.0,56,1771293841_42,True,looping
56,3,tool_check_inbox,0.9107142857142857,0.18181818181818182,18,1771293891_42,True,looping
64,4,tool_check_inbox,0.890625,0.20634920634920634,23,1771294048_42,True,looping
12,2,tool_check_inbox,0.75,0.36363636363636365,6,1771294164_42,True,looping
116,3,tool_check_inbox,0.9482758620689655,0.10434782608695652,49,1771294165_42,True,looping
6,2,tool_check_inbox,0.8333333333333334,0.4,3,1771294193_42,False,
12,4,tool_check_inbox,0.5,0.45454545454545453,4,1771294224_42,False,
41,4,tool_check_inbox,0.7560975609756098,0.325,10,1771294301_42,True,looping
56,1,tool_check_inbox,1.0,0.0,56,1771294302_42,True,looping
56,3,tool_check_inbox,0.9642857142857143,0.05454545454545454,50,1771294340_42,True,looping
112,2,tool_check_inbox,0.9910714285714286,0.018018018018018018,70,1771294414_42,True,looping
83,4,tool_check_inbox,0.9397590361445783,0.10975609756097561,26,1771294451_42,True,looping
27,3,tool_check_inbox,0.9259259259259259,0.15384615384615385,15,1771294453_42,True,looping
30,2,tool_check_inbox,0.9666666666666667,0.06896551724137931,25,1771294483_42,True,looping
87,4,tool_check_inbox,0.9080459770114943,0.1744186046511628,29,1771294526_42,True,looping
3,2,tool_check_inbox,0.6666666666666666,0.5,2,1771294556_42,False,
22,3,tool_check_inbox,0.8636363636363636,0.23809523809523808,13,1771294595_42,True,looping
56,1,tool_check_inbox,1.0,0.0,56,1771294625_42,True,looping
29,4,tool_check_inbox,0.6551724137931034,0.42857142857142855,9,1771294626_42,True,looping
112,2,tool_check_inbox,0.9732142857142857,0.05405405405405406,51,1771294663_42,True,looping
56,2,tool_check_inbox,0.9464285714285714,0.10909090909090909,32,1771294705_42,True,looping
112,2,tool_check_inbox,0.9821428571428571,0.036036036036036036,68,1771294707_42,True,looping
56,3,tool_check_inbox,0.9464285714285714,0.09090909090909091,34,1771294752_42,True,looping
81,3,tool_check_inbox,0.9629629629629629,0.075,23,1771294753_42,True,looping
15,3,tool_check_inbox,0.6666666666666666,0.35714285714285715,6,1771294789_42,True,looping
58,2,tool_check_inbox,0.9482758620689655,0.10526315789473684,41,1771294790_42,True,looping
21,4,tool_check_inbox,0.8095238095238095,0.4,9,1771294863_42,True,looping
45,4,tool_check_inbox,0.6444444444444445,0.5227272727272727,4,1771294891_42,True,looping
56,2,tool_check_inbox,0.9821428571428571,0.03636363636363636,32,1771294991_42,True,looping
112,2,tool_check_inbox,0.9821428571428571,0.036036036036036036,72,1771294996_42,True,looping
171,2,tool_check_inbox,0.9766081871345029,0.047058823529411764,84,1771295021_42,True,looping
148,4,tool_check_inbox,0.9256756756756757,0.14965986394557823,44,1771295121_42,True,looping
22,2,tool_check_inbox,0.8181818181818182,0.38095238095238093,5,1771295263_42,True,looping
83,4,tool_check_inbox,0.9036144578313253,0.1951219512195122,23,1771295265_42,True,looping
24,2,tool_check_inbox,0.875,0.2608695652173913,9,1771295344_42,True,looping
10,2,tool_check_inbox,0.7,0.5555555555555556,5,1771295350_42,True,looping
56,2,tool_check_inbox,0.9821428571428571,0.03636363636363636,36,1771295408_42,True,looping
56,1,tool_check_inbox,1.0,0.0,56,1771295438_42,True,looping
112,3,tool_check_inbox,0.9642857142857143,0.07207207207207207,39,1771295491_42,True,looping
56,1,tool_check_inbox,1.0,0.0,56,1771295521_42,True,looping
56,2,tool_check_inbox,0.9821428571428571,0.01818181818181818,55,1771295615_42,True,looping
80,3,tool_check_inbox,0.9625,0.0759493670886076,34,1771295619_42,True,looping
56,2,tool_check_inbox,0.9642857142857143,0.07272727272727272,23,1771295664_42,True,looping
21,4,tool_check_inbox,0.6666666666666666,0.55,9,1771295665_42,True,looping
8,2,tool_check_inbox,0.75,0.5714285714285714,2,1771295746_42,False,
65,4,tool_check_inbox,0.7846153846153846,0.390625,12,1771295797_42,True,looping
10,2,tool_check_inbox,0.6,0.5555555555555556,3,1771295831_42,False,
103,3,tool_check_inbox,0.970873786407767,0.058823529411764705,67,1771295832_42,True,looping
56,2,tool_check_inbox,0.9821428571428571,0.03636363636363636,43,1771295916_42,True,looping
112,2,tool_check_inbox,0.9910714285714286,0.018018018018018018,80,1771295921_42,True,looping
70,3,tool_check_inbox,0.9428571428571428,0.11594202898550725,27,1771295953_42,True,looping
56,2,tool_check_inbox,0.9821428571428571,0.01818181818181818,55,1771296000_42,True,looping
56,3,tool_check_inbox,0.9642857142857143,0.07272727272727272,42,1771296044_42,True,looping
31,2,tool_check_inbox,0.967741935483871,0.06666666666666667,22,1771296174_42,True,looping
14,2,tool_check_inbox,0.7142857142857143,0.5384615384615384,4,1771296224_42,True,looping
55,4,tool_check_inbox,0.7636363636363637,0.4444444444444444,10,1771296225_42,True,looping
82,3,tool_check_inbox,0.9390243902439024,0.12345679012345678,29,1771296325_42,True,looping
56,1,tool_check_inbox,1.0,0.0,56,1771296387_42,True,looping
56,2,tool_check_inbox,0.9821428571428571,0.03636363636363636,40,1771296388_42,True,looping
56,1,tool_check_inbox,1.0,0.0,56,1771296389_42,True,looping
56,1,tool_check_inbox,1.0,0.0,56,1771296420_42,True,looping
56,3,tool_check_inbox,0.9642857142857143,0.07272727272727272,32,1771296463_42,True,looping
168,4,tool_check_inbox,0.9523809523809523,0.08982035928143713,56,1771296567_42,True,looping
14,3,tool_check_inbox,0.5,0.6153846153846154,3,1771296670_42,False,
67,4,tool_check_inbox,0.9253731343283582,0.13636363636363635,26,1771296673_42,True,looping
32,4,tool_check_inbox,0.8125,0.3225806451612903,12,1771296719_42,True,looping
7,3,tool_check_inbox,0.42857142857142855,1.0,1,1771296720_42,False,
56,1,tool_check_inbox,1.0,0.0,56,1771296849_42,True,looping
168,3,tool_check_inbox,0.9880952380952381,0.023952095808383235,134,1771296873_42,True,looping
56,2,tool_check_inbox,0.9821428571428571,0.03636363636363636,41,1771296906_42,True,looping
55,4,tool_check_inbox,0.8727272727272727,0.25925925925925924,11,1771296944_42,True,looping
57,3,tool_check_inbox,0.9298245614035088,0.14285714285714285,41,1771297001_42,True,looping
103,4,tool_check_inbox,0.9320388349514563,0.13725490196078433,23,1771297002_42,True,looping
56,4,tool_check_inbox,0.875,0.23636363636363636,15,1771297043_42,True,looping
10,3,tool_check_inbox,0.7,0.4444444444444444,5,1771297135_42,True,looping
31,4,tool_check_inbox,0.7419354838709677,0.43333333333333335,6,1771297139_42,True,looping
2,2,tool_order,0.5,1.0,1,1771297188_42,False,
7,3,tool_check_inbox,0.7142857142857143,0.6666666666666666,2,1771297189_42,False,
112,3,tool_check_inbox,0.9821428571428571,0.036036036036036036,39,1771297230_42,True,looping
56,2,tool_check_inbox,0.9821428571428571,0.03636363636363636,37,1771297261_42,True,looping
56,2,tool_check_inbox,0.9821428571428571,0.03636363636363636,45,1771297290_42,True,looping
56,1,tool_check_inbox,1.0,0.0,56,1771297339_42,True,looping
56,3,tool_check_inbox,0.9642857142857143,0.07272727272727272,37,1771297341_42,True,looping
39,2,tool_check_inbox,0.9743589743589743,0.05263157894736842,31,1771297347_42,True,looping
19,2,tool_check_inbox,0.9473684210526315,0.1111111111111111,11,1771297400_42,True,looping
115,3,tool_check_inbox,0.9304347826086956,0.11403508771929824,49,1771297448_42,True,looping
25,3,tool_check_inbox,0.88,0.25,9,1771297484_42,True,looping
18,4,tool_check_inbox,0.7222222222222222,0.47058823529411764,9,1771297485_42,True,looping
20,3,tool_check_inbox,0.75,0.42105263157894735,8,1771297515_42,True,looping
19,3,tool_check_inbox,0.8421052631578947,0.2777777777777778,12,1771297516_42,True,looping
112,1,tool_check_inbox,1.0,0.0,112,1771297559_42,True,looping
112,3,tool_check_inbox,0.9821428571428571,0.036036036036036036,67,1771297611_42,True,looping
56,2,tool_check_inbox,0.9642857142857143,0.07272727272727272,36,1771297612_42,True,looping
56,2,tool_check_inbox,0.9821428571428571,0.03636363636363636,36,1771297683_42,True,looping
48,4,tool_check_inbox,0.8541666666666666,0.2765957446808511,21,1771297684_42,True,looping
56,2,tool_check_inbox,0.9821428571428571,0.03636363636363636,48,1771297756_42,True,looping
22,2,tool_check_inbox,0.9545454545454546,0.09523809523809523,17,1771297757_42,True,looping
41,3,tool_check_inbox,0.926829268292683,0.15,17,1771297798_42,True,looping
18,5,tool_check_inbox,0.6111111111111112,0.7647058823529411,3,1771297863_42,False,
11,3,tool_check_inbox,0.8181818181818182,0.3,6,1771297864_42,True,looping
16,2,tool_check_inbox,0.75,0.4,6,1771297911_42,True,looping
24,3,tool_check_inbox,0.7916666666666666,0.21739130434782608,15,1771297943_42,True,looping
56,1,tool_check_inbox,1.0,0.0,56,1771298017_42,True,looping
56,1,tool_check_inbox,1.0,0.0,56,1771298022_42,True,looping
168,3,tool_check_inbox,0.9880952380952381,0.023952095808383235,124,1771298066_42,True,looping
56,3,tool_check_inbox,0.9642857142857143,0.07272727272727272,26,1771298193_42,True,looping
56,3,tool_check_inbox,0.9464285714285714,0.10909090909090909,27,1771298227_42,True,looping
112,3,tool_check_inbox,0.9642857142857143,0.07207207207207207,42,1771298228_42,True,looping
56,3,tool_check_inbox,0.9464285714285714,0.10909090909090909,29,1771298368_42,True,looping
49,3,tool_check_inbox,0.8367346938775511,0.3333333333333333,12,1771298407_42,True,looping
31,4,tool_check_inbox,0.7096774193548387,0.4,9,1771298408_42,True,looping
34,5,tool_check_inbox,0.6764705882352942,0.45454545454545453,10,1771298441_42,True,looping
36,2,tool_check_inbox,0.9722222222222222,0.02857142857142857,35,1771298484_42,True,looping
56,1,tool_check_inbox,1.0,0.0,56,1771298522_42,True,looping
56,2,tool_check_inbox,0.9821428571428571,0.03636363636363636,47,1771298552_42,True,looping
112,2,tool_check_inbox,0.9910714285714286,0.018018018018018018,93,1771298670_42,True,looping
46,4,tool_check_inbox,0.8913043478260869,0.2222222222222222,15,1771298702_42,True,looping
165,4,tool_check_inbox,0.9636363636363636,0.07317073170731707,70,1771298813_42,True,looping
58,3,tool_check_inbox,0.8620689655172413,0.2631578947368421,15,1771298893_42,True,looping
10,2,tool_check_inbox,0.9,0.2222222222222222,8,1771298990_42,True,looping
38,4,tool_check_inbox,0.6578947368421053,0.5405405405405406,5,1771298991_42,True,looping
92,4,tool_check_inbox,0.8913043478260869,0.1978021978021978,19,1771299019_42,True,looping
56,1,tool_check_inbox,1.0,0.0,56,1771299053_42,True,looping
56,1,tool_check_inbox,1.0,0.0,56,1771299092_42,True,looping
112,1,tool_check_inbox,1.0,0.0,112,1771299127_42,True,looping
